{
  "Not-Dropout": {
    "precision": 0.8912579957356077,
    "recall": 0.9278579356270811,
    "f1-score": 0.9091897770527461,
    "support": 901.0
  },
  "Dropout": {
    "precision": 0.8333333333333334,
    "recall": 0.7611241217798594,
    "f1-score": 0.795593635250918,
    "support": 427.0
  },
  "accuracy": 0.8742469879518072,
  "macro avg": {
    "precision": 0.8622956645344706,
    "recall": 0.8444910287034703,
    "f1-score": 0.852391706151832,
    "support": 1328.0
  },
  "weighted avg": {
    "precision": 0.8726331231107801,
    "recall": 0.8742469879518072,
    "f1-score": 0.872664511578815,
    "support": 1328.0
  }
}