{
  "Not-Dropout": {
    "precision": 0.8961864406779662,
    "recall": 0.9389567147613762,
    "f1-score": 0.9170731707317074,
    "support": 901.0
  },
  "Dropout": {
    "precision": 0.8567708333333334,
    "recall": 0.7704918032786885,
    "f1-score": 0.8113440197287299,
    "support": 427.0
  },
  "accuracy": 0.884789156626506,
  "macro avg": {
    "precision": 0.8764786370056498,
    "recall": 0.8547242590200324,
    "f1-score": 0.8642085952302186,
    "support": 1328.0
  },
  "weighted avg": {
    "precision": 0.8835128982561603,
    "recall": 0.884789156626506,
    "f1-score": 0.8830774271486718,
    "support": 1328.0
  }
}